St. Elmo Brewing,Austin
St. Elmo,Austin
St Elmo,Austin
Checkerspot Brewing Co.,Baltimore
Checkerspot Brewing Co,Baltimore
Checkerspot Brewing,Baltimore
Checkerspot,Baltimore
Monument City Brewing,Baltimore
Monument City,Baltimore
Aeronaut,Somerville
McCarthy's and Toad,Cambridge
McCarthy's,Cambridge
McCarthys and Toad,Cambridge
McCarthys,Cambridge
McCarthy,Cambridge
Mighty Squirrel Taproom & Kitchen (Fenway),Boston
Mighty Squirrel Taproom & Kitchen,Boston
Mighty Squirrel,Boston
Scholars American Bistro & Cocktail Lounge,Boston
Scholars,Boston
Trident Books,Boston
Trident,Boston
The Rayback Collective,Boulder
The Rayback,Boulder
Rayback Collective,Boulder
Rayback,Boulder
Heist Brewery and Barrel Arts,Charlotte
Heist Brewery,Charlotte
Heist,Charlotte
kibbitznest,Chicago
Tox Brewing Company,New London
Tox Brewing,New London
Tox,New London
East Rock Brewing,New Haven
East Rock,New Haven
Spruce,New Haven
Spruce Coffee,New Haven
Town Hall Collaborative,Denver
Town Hall Collab,Denver
Town Hall,Denver
Atomic Clock Brewing,Durham
Atomic Clock,Durham
Common Space Brewery (Hawthorne),Los Angeles
Common Space Brewery Hawthorne,Los Angeles
Common Space Brewery,Los Angeles
Common Space,Los Angeles
Crazy Gnome Brewery,Nashville
Crazy Gnome,Nashville
Love & Exile,Nashville
Love and Exile,Nashville
The Raven,Nashville
The Raven Book Lounge,Nashville
Yu & Me,New York City
Yu & Me Books,New York City
Yu and Me,New York City
Yu and Me Books,New York City
Bibliotheque NYC,New York City
Bibliotheque,New York City
McCarren Parkhouse,New York City
McCarren,New York City
Evil Genius Beer Co.,Philadelphia
Evil Genius Beer Co,Philadelphia
Evil Genius Beer,Philadelphia
Evil Genius,Philadelphia
Migration Brewing - Williams,Portland (OR)
Migration Brewing Williams,Portland (OR)
Migration Brewing (Williams),Portland (OR)
Migration Brewing,Portland (OR)
Migration,Portland (OR)
Migration Brewing (Glisan),Portland (OR)
Migration Brewing - Glisan,Portland (OR)
Migration Brewing Glisan,Portland (OR)
Powell's,Portland (OR)
Powells,Portland (OR)
Powell's City of Books,Portland (OR)
Powells City of Books,Portland (OR)
Narragansett Brewery,Providence
Narragansett,Providence
Gansett,Providence
Long Live Beerworks,Providence
Long Live,Providence
Crank Arm Brewing Raleigh,Raleigh
Crank Arm Brewing,Raleigh
Crank Arm,Raleigh
Triple Crossing - Fulton,Richmond
Triple Crossing Fulton,Richmond
Triple Crossing (Fulton),Richmond
Triple Crossing,Richmond
Stone Brewing (Liberty Station),San Diego
Stone Brewing Liberty Station,San Diego
Stone Brewing,San Diego
Line 51 Brewing,Oakland
Line 51,Oakland
Fluid 510,Oakland
Fluid510,Oakland
Reuben's Brews (Downtown),Seattle
Reuben's Brews Downtown,Seattle
Reuben's Brews - Downtown,Seattle
Reuben's Brews,Seattle
Reuben's,Seattle
Reubens Brews (Downtown),Seattle
Reubens Brews Downtown,Seattle
Reubens Brews - Downtown,Seattle
Reubens Brews,Seattle
Reubens,Seattle
Tonic,Washington DC
metrobar DC,Washington DC
metrobar,Washington DC
Dacha,Washington DC
Dacha Navy Yard,Washington DC
Jimmy's Manchester,Manchester (UK)
Jimmys Manchester,Manchester (UK)
Jimmy's,Manchester (UK)
Jimmys,Manchester (UK)
Harpoon Brewery at Queen City Center,Manchester (NH)
Short Path,Everett
Short Path Distillery,Everett